USE rps_league;

-- spectator data
INSERT INTO Spectators(userName, pwd) VALUES ('ryanshook0','pmEH2Xrq03GJ');
INSERT INTO Spectators(userName, pwd) VALUES ('spadn1','FyBWgVKAcTU');
INSERT INTO Spectators(userName, pwd) VALUES ('faulconer2','BDnpA0WrdNfo');
INSERT INTO Spectators(userName, pwd) VALUES ('mreiling3','sFnkQaFu6M');
INSERT INTO Spectators(userName, pwd) VALUES ('mrouke4','AHi1YEuug');
INSERT INTO Spectators(userName, pwd) VALUES ('bgerren5','OWrv7qa');
INSERT INTO Spectators(userName, pwd) VALUES ('gclamp6','xTjjqVrB');
INSERT INTO Spectators(userName, pwd) VALUES ('alandells7','JpgRn89k');
INSERT INTO Spectators(userName, pwd) VALUES ('awestmancoat8','qAYVJKrpLDu');
INSERT INTO Spectators(userName, pwd) VALUES ('sonny123','Vt1Cpc4');
INSERT INTO Spectators(userName, pwd) VALUES ('duckwortha','ec9Q2h');
INSERT INTO Spectators(userName, pwd) VALUES ('falksb','efC1jH17');
INSERT INTO Spectators(userName,pwd) VALUES ('tarkcolly','YRTe0ySWpbih');
INSERT INTO Spectators(userName,pwd) VALUES ('willwell','Ojg8aTHC');
INSERT INTO Spectators(userName,pwd) VALUES ('gaterwetee','Yr58S3qHT');
INSERT INTO Spectators(userName,pwd) VALUES ('pullhosterf','wUtMCRtGF96');
INSERT INTO Spectators(userName,pwd) VALUES ('cagran','DMAvwL2u8Q');
INSERT INTO Spectators(userName,pwd) VALUES ('bvanya','ujv1XllY');
INSERT INTO Spectators(userName,pwd) VALUES ('ferneyhough','hT9GHnCoCr');
INSERT INTO Spectators(userName,pwd) VALUES ('dsamples','zcZo7h');
-- coach data
INSERT INTO Coaches(coachID,firstName,lastName,joinDate,birthday,phoneNumber) VALUES (1,'Tanney','McDell','2020-02-08','1997-03-17','508-647-2584');
INSERT INTO Coaches(coachID,firstName,lastName,joinDate,birthday,phoneNumber) VALUES (2,'Ogden','Tallboy','2019-03-24','2003-01-06','661-170-7141');
INSERT INTO Coaches(coachID,firstName,lastName,joinDate,birthday,phoneNumber) VALUES (3,'Harli','Tregian','2022-01-08','1997-10-19','948-725-9379');
INSERT INTO Coaches(coachID,firstName,lastName,joinDate,birthday,phoneNumber) VALUES (4,'Ferdinanda','Cambell','2020-08-22','1999-12-24','892-413-3215');
INSERT INTO Coaches(coachID,firstName,lastName,joinDate,birthday,phoneNumber) VALUES (5,'Jehanna','Noble','2015-11-21','2001-08-31','361-776-7485');
INSERT INTO Coaches(coachID,firstName,lastName,joinDate,birthday,phoneNumber) VALUES (6,'Mariam','Zanettini','2019-08-14','1999-04-28','584-899-8650');
INSERT INTO Coaches(coachID,firstName,lastName,joinDate,birthday,phoneNumber) VALUES (7,'Byrle','Congram','2015-12-11','1999-01-05','597-684-4505');
INSERT INTO Coaches(coachID,firstName,lastName,joinDate,birthday,phoneNumber) VALUES (8,'Valencia','Beament','2018-11-01','1996-05-11','829-998-0069');
INSERT INTO Coaches(coachID,firstName,lastName,joinDate,birthday,phoneNumber) VALUES (9,'Mano','Lafflina','2018-07-13','1998-07-04','429-222-9546');
INSERT INTO Coaches(coachID,firstName,lastName,joinDate,birthday,phoneNumber) VALUES (10,'Jeniffer','Brash','2016-12-31','2001-04-22','168-460-0342');
INSERT INTO Coaches(coachID,firstName,lastName,joinDate,birthday,phoneNumber) VALUES (11,'Phillipp','Yoselevitch','2020-01-07','1999-02-12','962-421-7423');
INSERT INTO Coaches(coachID,firstName,lastName,joinDate,birthday,phoneNumber) VALUES (12,'Gerrilee','Yurkin','2016-08-11','2000-03-10','855-991-7851');
INSERT INTO Coaches(coachID,firstName,lastName,joinDate,birthday,phoneNumber) VALUES (13,'Terrence','Heyball','2018-10-15','2003-07-02','112-499-5262');
INSERT INTO Coaches(coachID,firstName,lastName,joinDate,birthday,phoneNumber) VALUES (14,'Britney','D''Alessandro','2022-02-21','2000-03-15','772-894-6256');
INSERT INTO Coaches(coachID,firstName,lastName,joinDate,birthday,phoneNumber) VALUES (15,'Geordie','Sidle','2020-05-14','2003-12-08','921-590-0837');
INSERT INTO Coaches(coachID,firstName,lastName,joinDate,birthday,phoneNumber) VALUES (16,'Ossie','Choules','2022-03-21','2002-03-18','191-757-6126');
INSERT INTO Coaches(coachID,firstName,lastName,joinDate,birthday,phoneNumber) VALUES (17,'Adella','Menhenitt','2022-10-11','2003-04-08','965-469-9962');
INSERT INTO Coaches(coachID,firstName,lastName,joinDate,birthday,phoneNumber) VALUES (18,'Douglas','Brandin','2020-03-26','2000-03-05','256-232-0999');
INSERT INTO Coaches(coachID,firstName,lastName,joinDate,birthday,phoneNumber) VALUES (19,'Marten','Rist','2016-05-02','1999-02-08','514-705-2077');
INSERT INTO Coaches(coachID,firstName,lastName,joinDate,birthday,phoneNumber) VALUES (20,'Riva','McDermot','2018-06-11','1999-12-26','774-902-8011');
-- season data
insert into Season (seasonYear) values (2015);
insert into Season (seasonYear) values (2016);
insert into Season (seasonYear) values (2017);
insert into Season (seasonYear) values (2018);
insert into Season (seasonYear) values (2019);
insert into Season (seasonYear) values (2020);
insert into Season (seasonYear) values (2021);
insert into Season (seasonYear) values (2022);
insert into Season (seasonYear) values (2023);
-- tournament data
INSERT INTO Tournament(tournamentID,tournamentName,attendance,streetAddress,city,stateAbbrev,zipCode,startDate,endDate,season) VALUES ('1','Tournament1',22,'29818 Larry Plaza','Salt Lake City','UT',84125,'2021-10-17','2021-10-27',2019);
INSERT INTO Tournament(tournamentID,tournamentName,attendance,streetAddress,city,stateAbbrev,zipCode,startDate,endDate,season) VALUES ('2','Tournament2',63,'2551 Cody Alley','Baton Rouge','LA',70836,'2022-06-03','2022-06-13',2020);
INSERT INTO Tournament(tournamentID,tournamentName,attendance,streetAddress,city,stateAbbrev,zipCode,startDate,endDate,season) VALUES ('3','Tournament3',9,'48 Walton Junction','Long Beach','CA',90847,'2019-07-27','2019-07-31',2015);
INSERT INTO Tournament(tournamentID,tournamentName,attendance,streetAddress,city,stateAbbrev,zipCode,startDate,endDate,season) VALUES ('4','Tournament4',69,'150 Delladonna Lane','Kansas City','KS',66160,'2015-09-13','2015-09-21',2018);
INSERT INTO Tournament(tournamentID,tournamentName,attendance,streetAddress,city,stateAbbrev,zipCode,startDate,endDate,season) VALUES ('5','Tournament5',72,'3295 Cottonwood Avenue','Brooklyn','NY',11254,'2021-08-04','2021-08-08',2022);
INSERT INTO Tournament(tournamentID,tournamentName,attendance,streetAddress,city,stateAbbrev,zipCode,startDate,endDate,season) VALUES ('6','Tournament6',63,'7419 Hauk Street','San Diego','CA',92110,'2020-03-01','2020-03-08',2021);
INSERT INTO Tournament(tournamentID,tournamentName,attendance,streetAddress,city,stateAbbrev,zipCode,startDate,endDate,season) VALUES ('7','Tournament7',63,'9 Warrior Court','Arlington','VA',22212,'2015-03-23','2015-03-30',2023);
INSERT INTO Tournament(tournamentID,tournamentName,attendance,streetAddress,city,stateAbbrev,zipCode,startDate,endDate,season) VALUES ('8','Tournament8',15,'898 Welch Terrace','Pompano Beach','FL',33064,'2017-04-17','2017-04-19',2017);
INSERT INTO Tournament(tournamentID,tournamentName,attendance,streetAddress,city,stateAbbrev,zipCode,startDate,endDate,season) VALUES ('9','Tournament9',65,'277 Fuller Street','Columbus','GA',31904,'2016-05-29','2016-05-31',2016);
INSERT INTO Tournament(tournamentID,tournamentName,attendance,streetAddress,city,stateAbbrev,zipCode,startDate,endDate,season) VALUES ('10','Tournament10',17,'34153 Canary Way','Naples','FL',34108,'2022-04-18','2022-04-25',2015);
INSERT INTO Tournament(tournamentID,tournamentName,attendance,streetAddress,city,stateAbbrev,zipCode,startDate,endDate,season) VALUES ('11','Tournament11',66,'24372 Thackeray Terrace','Atlanta','GA',30343,'2023-02-28','2023-03-10',2023);
INSERT INTO Tournament(tournamentID,tournamentName,attendance,streetAddress,city,stateAbbrev,zipCode,startDate,endDate,season) VALUES ('12','Tournament12',33,'91 Linden Point','North Las Vegas','NV',89036,'2016-01-06','2016-01-16',2021);
INSERT INTO Tournament(tournamentID,tournamentName,attendance,streetAddress,city,stateAbbrev,zipCode,startDate,endDate,season) VALUES ('13','Tournament13',50,'411 Dennis Street','Evansville','IN',47747,'2021-04-09','2021-04-10',2017);
INSERT INTO Tournament(tournamentID,tournamentName,attendance,streetAddress,city,stateAbbrev,zipCode,startDate,endDate,season) VALUES ('14','Tournament14',28,'053 2nd Terrace','Detroit','MI',48258,'2017-10-29','2017-10-31',2018);
INSERT INTO Tournament(tournamentID,tournamentName,attendance,streetAddress,city,stateAbbrev,zipCode,startDate,endDate,season) VALUES ('15','Tournament15',44,'6224 Mitchell Circle','Terre Haute','IN',47805,'2022-04-09','2022-04-11',2020);
INSERT INTO Tournament(tournamentID,tournamentName,attendance,streetAddress,city,stateAbbrev,zipCode,startDate,endDate,season) VALUES ('16','Tournament16',16,'634 Cherokee Hill','Battle Creek','MI',49018,'2017-02-01','2017-02-07',2022);
INSERT INTO Tournament(tournamentID,tournamentName,attendance,streetAddress,city,stateAbbrev,zipCode,startDate,endDate,season) VALUES ('17','Tournament17',30,'38482 Fordem Court','New York City','NY',10090,'2017-12-31','2018-01-03',2016);
INSERT INTO Tournament(tournamentID,tournamentName,attendance,streetAddress,city,stateAbbrev,zipCode,startDate,endDate,season) VALUES ('18','Tournament18',26,'814 Commercial Drive','Cleveland','OH',44130,'2019-11-01','2019-11-05',2019);
INSERT INTO Tournament(tournamentID,tournamentName,attendance,streetAddress,city,stateAbbrev,zipCode,startDate,endDate,season) VALUES ('19','Tournament19',56,'2555 Fairview Parkway','Torrance','CA',90510,'2017-06-11','2017-06-13',2022);
INSERT INTO Tournament(tournamentID,tournamentName,attendance,streetAddress,city,stateAbbrev,zipCode,startDate,endDate,season) VALUES ('20','Tournament20',52,'139 Ridge Oak Alley','Edmond','OK',73034,'2022-06-16','2022-06-22',2015);
INSERT INTO Tournament(tournamentID,tournamentName,attendance,streetAddress,city,stateAbbrev,zipCode,startDate,endDate,season) VALUES ('21','Tournament21',62,'849 Dayton Crossing','New York City','NY',10019,'2018-09-04','2018-09-08',2020);
INSERT INTO Tournament(tournamentID,tournamentName,attendance,streetAddress,city,stateAbbrev,zipCode,startDate,endDate,season) VALUES ('22','Tournament22',26,'0942 Oxford Crossing','Los Angeles','CA',90035,'2016-08-27','2016-08-30',2023);
INSERT INTO Tournament(tournamentID,tournamentName,attendance,streetAddress,city,stateAbbrev,zipCode,startDate,endDate,season) VALUES ('23','Tournament23',9,'340 Eastwood Street','Riverside','CA',92519,'2022-04-17','2022-04-22',2021);
INSERT INTO Tournament(tournamentID,tournamentName,attendance,streetAddress,city,stateAbbrev,zipCode,startDate,endDate,season) VALUES ('24','Tournament24',32,'52 Village Avenue','Apache Junction','AZ',85219,'2016-07-23','2016-07-24',2016);
INSERT INTO Tournament(tournamentID,tournamentName,attendance,streetAddress,city,stateAbbrev,zipCode,startDate,endDate,season) VALUES ('25','Tournament25',14,'10947 Bashford Drive','Atlanta','GA',31136,'2022-02-10','2022-02-14',2018);
INSERT INTO Tournament(tournamentID,tournamentName,attendance,streetAddress,city,stateAbbrev,zipCode,startDate,endDate,season) VALUES ('26','Tournament26',69,'7268 Heffernan Parkway','Myrtle Beach','SC',29579,'2021-01-05','2021-01-14',2017);
INSERT INTO Tournament(tournamentID,tournamentName,attendance,streetAddress,city,stateAbbrev,zipCode,startDate,endDate,season) VALUES ('27','Tournament27',27,'7 Fremont Avenue','Minneapolis','MN',55407,'2018-12-18','2018-12-22',2019);
INSERT INTO Tournament(tournamentID,tournamentName,attendance,streetAddress,city,stateAbbrev,zipCode,startDate,endDate,season) VALUES ('28','Tournament28',45,'03 Fairview Lane','Cincinnati','OH',45254,'2015-08-06','2015-08-07',2019);
INSERT INTO Tournament(tournamentID,tournamentName,attendance,streetAddress,city,stateAbbrev,zipCode,startDate,endDate,season) VALUES ('29','Tournament29',33,'36 Messerschmidt Plaza','Corpus Christi','TX',78405,'2019-04-15','2019-04-16',2023);
INSERT INTO Tournament(tournamentID,tournamentName,attendance,streetAddress,city,stateAbbrev,zipCode,startDate,endDate,season) VALUES ('30','Tournament30',7,'6024 Coolidge Drive','Birmingham','AL',35225,'2021-07-01','2021-07-11',2022);
INSERT INTO Tournament(tournamentID,tournamentName,attendance,streetAddress,city,stateAbbrev,zipCode,startDate,endDate,season) VALUES ('31','Tournament31',43,'4477 Center Trail','Providence','RI',02912,'2016-08-10','2016-08-18',2020);
INSERT INTO Tournament(tournamentID,tournamentName,attendance,streetAddress,city,stateAbbrev,zipCode,startDate,endDate,season) VALUES ('32','Tournament32',5,'20 Old Gate Road','Cleveland','OH',44118,'2017-06-01','2017-06-03',2016);
INSERT INTO Tournament(tournamentID,tournamentName,attendance,streetAddress,city,stateAbbrev,zipCode,startDate,endDate,season) VALUES ('33','Tournament33',57,'467 Evergreen Junction','Minneapolis','MN',55428,'2022-11-11','2022-11-19',2017);
INSERT INTO Tournament(tournamentID,tournamentName,attendance,streetAddress,city,stateAbbrev,zipCode,startDate,endDate,season) VALUES ('34','Tournament34',64,'13053 Forest Dale Park','El Paso','TX',79928,'2020-03-30','2020-04-02',2021);
INSERT INTO Tournament(tournamentID,tournamentName,attendance,streetAddress,city,stateAbbrev,zipCode,startDate,endDate,season) VALUES ('35','Tournament35',54,'782 Superior Park','Atlanta','GA',30323,'2016-10-14','2016-10-20',2018);
INSERT INTO Tournament(tournamentID,tournamentName,attendance,streetAddress,city,stateAbbrev,zipCode,startDate,endDate,season) VALUES ('36','Tournament36',32,'1 Shoshone Place','South Lake Tahoe','CA',96154,'2020-03-24','2020-03-29',2015);
-- team data
insert into Teams (teamName, joindate, streetAddress, city, stateAbbrev, zipCode, coachID) values ('Team1', '2022-09-05 13:41:28', '2549 Longview Parkway', 'Suffolk', 'VA', '23436', '16');
insert into Teams (teamName, joindate, streetAddress, city, stateAbbrev, zipCode, coachID) values ('Team2', '2017-08-02 06:34:26', '60824 Petterle Point', 'Washington', 'DC', '20051', '4');
insert into Teams (teamName, joindate, streetAddress, city, stateAbbrev, zipCode, coachID) values ('Team3', '2019-07-03 18:52:24', '0 Fairview Way', 'Lake Worth', 'FL', '33467', '9');
insert into Teams (teamName, joindate, streetAddress, city, stateAbbrev, zipCode, coachID) values ('Team4', '2018-04-20 06:33:11', '8 Melrose Pass', 'Salt Lake City', 'UT', '84130', '2');
insert into Teams (teamName, joindate, streetAddress, city, stateAbbrev, zipCode, coachID) values ('Team5', '2022-01-22 07:41:41', '59 Schmedeman Hill', 'Jackson', 'TN', '38308', '18');
insert into Teams (teamName, joindate, streetAddress, city, stateAbbrev, zipCode, coachID) values ('Team6', '2017-10-15 04:48:49', '978 Maywood Hill', 'Salt Lake City', 'UT', '84140', '20');
insert into Teams (teamName, joindate, streetAddress, city, stateAbbrev, zipCode, coachID) values ('Team7', '2020-06-14 01:20:02', '2426 School Place', 'Houston', 'TX', '77255', '15');
insert into Teams (teamName, joindate, streetAddress, city, stateAbbrev, zipCode, coachID) values ('Team8', '2020-04-05 16:55:17', '34 Sugar Street', 'Richmond', 'VA', '23203', '17');
insert into Teams (teamName, joindate, streetAddress, city, stateAbbrev, zipCode, coachID) values ('Team9', '2015-07-21 09:46:29', '94 Ohio Point', 'Houston', 'TX', '77045', '8');
insert into Teams (teamName, joindate, streetAddress, city, stateAbbrev, zipCode, coachID) values ('Team10', '2022-11-04 20:41:10', '0006 Fair Oaks Street', 'Las Cruces', 'NM', '88006', '19');
insert into Teams (teamName, joindate, streetAddress, city, stateAbbrev, zipCode, coachID) values ('Team11', '2021-04-29 16:48:29', '336 Monica Road', 'Atlanta', 'GA', '30368', '3');
insert into Teams (teamName, joindate, streetAddress, city, stateAbbrev, zipCode, coachID) values ('Team12', '2016-02-24 10:11:59', '5665 Thierer Alley', 'Boise', 'ID', '83757', '13');
insert into Teams (teamName, joindate, streetAddress, city, stateAbbrev, zipCode, coachID) values ('Team13', '2015-05-15 01:42:18', '7948 Village Green Lane', 'Orange', 'CA', '92867', '14');
insert into Teams (teamName, joindate, streetAddress, city, stateAbbrev, zipCode, coachID) values ('Team14', '2018-10-08 20:25:14', '41 Sherman Plaza', 'Fort Lauderdale', 'FL', '33355', '5');
insert into Teams (teamName, joindate, streetAddress, city, stateAbbrev, zipCode, coachID) values ('Team15', '2018-09-17 18:24:51', '3216 Dennis Lane', 'Montgomery', 'AL', '36134', '7');
insert into Teams (teamName, joindate, streetAddress, city, stateAbbrev, zipCode, coachID) values ('Team16', '2017-07-05 20:24:45', '0956 Novick Parkway', 'Boulder', 'CO', '80328', '6');
insert into Teams (teamName, joindate, streetAddress, city, stateAbbrev, zipCode, coachID) values ('Team17', '2022-06-04 22:03:43', '5217 Northridge Parkway', 'Los Angeles', 'CA', '90030', '10');
insert into Teams (teamName, joindate, streetAddress, city, stateAbbrev, zipCode, coachID) values ('Team18', '2019-01-03 06:40:49', '06 Elmside Crossing', 'Arvada', 'CO', '80005', '1');
insert into Teams (teamName, joindate, streetAddress, city, stateAbbrev, zipCode, coachID) values ('Team19', '2020-08-18 02:42:24', '05436 Crowley Point', 'Chicago', 'IL', '60609', '11');
insert into Teams (teamName, joindate, streetAddress, city, stateAbbrev, zipCode, coachID) values ('Team20', '2022-10-01 20:25:06', '07539 Atwood Point', 'Chicago', 'IL', '60614', '12');
-- player data
insert into Players (playerID, firstName, lastName, birthday, joinDate, playerStatus, phoneNumber, teamName) values (1, 'Montague', 'Wadham', '1995-01-04', '2020-04-08', 'retired', '386-363-9980', 'Team7');
insert into Players (playerID, firstName, lastName, birthday, joinDate, playerStatus, phoneNumber, teamName) values (2, 'Abramo', 'Wildbore', '2004-10-02', '2022-09-27', 'active', '403-248-0499', 'Team1');
insert into Players (playerID, firstName, lastName, birthday, joinDate, playerStatus, phoneNumber, teamName) values (3, 'Francis', 'Jimson', '1997-05-08', '2017-01-31', 'inactive', '772-817-9453', 'Team8');
insert into Players (playerID, firstName, lastName, birthday, joinDate, playerStatus, phoneNumber, teamName) values (4, 'Prissie', 'Toyne', '1997-04-09', '2022-01-25', 'active', '435-938-9086', 'Team6');
insert into Players (playerID, firstName, lastName, birthday, joinDate, playerStatus, phoneNumber, teamName) values (5, 'Rosamund', 'Bygate', '2002-06-10', '2017-04-17', 'injured', '847-768-6749', 'Team9');
insert into Players (playerID, firstName, lastName, birthday, joinDate, playerStatus, phoneNumber, teamName) values (6, 'Arluene', 'Verden', '1999-08-30', '2018-06-23', 'inactive', '661-249-7950', 'Team2');
insert into Players (playerID, firstName, lastName, birthday, joinDate, playerStatus, phoneNumber, teamName) values (7, 'Kristoffer', 'Parslow', '2004-07-15', '2018-07-13', 'injured', '494-239-6022', 'Team2');
insert into Players (playerID, firstName, lastName, birthday, joinDate, playerStatus, phoneNumber, teamName) values (8, 'Estevan', 'Lewing', '1997-05-19', '2019-01-13', 'retired', '285-484-4664', 'Team10');
insert into Players (playerID, firstName, lastName, birthday, joinDate, playerStatus, phoneNumber, teamName) values (9, 'Carissa', 'Harfleet', '1995-01-10', '2020-06-11', 'active', '474-263-2612', 'Team4');
insert into Players (playerID, firstName, lastName, birthday, joinDate, playerStatus, phoneNumber, teamName) values (10, 'Salem', 'Smither', '2004-06-30', '2016-10-13', 'doubtful', '202-482-4591', 'Team4');
insert into Players (playerID, firstName, lastName, birthday, joinDate, playerStatus, phoneNumber, teamName) values (11, 'Iris', 'Giblett', '2001-09-17', '2018-12-17', 'inactive', '287-338-0829', 'Team4');
insert into Players (playerID, firstName, lastName, birthday, joinDate, playerStatus, phoneNumber, teamName) values (12, 'Linnie', 'Jakubovsky', '2004-03-23', '2020-01-30', 'retired', '439-984-7676', 'Team5');
insert into Players (playerID, firstName, lastName, birthday, joinDate, playerStatus, phoneNumber, teamName) values (13, 'Care', 'Trewett', '2001-10-06', '2017-12-07', 'retired', '157-140-1572', 'Team5');
insert into Players (playerID, firstName, lastName, birthday, joinDate, playerStatus, phoneNumber, teamName) values (14, 'Zorana', 'O''Criane', '1995-05-24', '2022-05-03', 'injured', '162-343-8640', 'Team4');
insert into Players (playerID, firstName, lastName, birthday, joinDate, playerStatus, phoneNumber, teamName) values (15, 'Sianna', 'Fasson', '1997-07-05', '2021-01-20', 'doubtful', '781-878-8983', 'Team9');
insert into Players (playerID, firstName, lastName, birthday, joinDate, playerStatus, phoneNumber, teamName) values (16, 'Randene', 'Menhci', '2000-10-06', '2017-05-06', 'doubtful', '383-101-6469', 'Team5');
insert into Players (playerID, firstName, lastName, birthday, joinDate, playerStatus, phoneNumber, teamName) values (17, 'Quint', 'Dolley', '1995-04-09', '2020-07-24', 'doubtful', '273-714-1138', 'Team10');
insert into Players (playerID, firstName, lastName, birthday, joinDate, playerStatus, phoneNumber, teamName) values (18, 'Konstance', 'Brodhead', '2001-07-03', '2019-08-09', 'doubtful', '890-479-6130', 'Team6');
insert into Players (playerID, firstName, lastName, birthday, joinDate, playerStatus, phoneNumber, teamName) values (19, 'Athena', 'McAllaster', '2003-09-25', '2017-08-29', 'doubtful', '983-375-2012', 'Team7');
insert into Players (playerID, firstName, lastName, birthday, joinDate, playerStatus, phoneNumber, teamName) values (20, 'Flin', 'Rabbitts', '1995-02-03', '2021-01-03', 'doubtful', '714-316-3201', 'Team6');
insert into Players (playerID, firstName, lastName, birthday, joinDate, playerStatus, phoneNumber, teamName) values (21, 'Myrvyn', 'George', '2000-03-19', '2015-11-04', 'doubtful', '399-109-4598', 'Team10');
insert into Players (playerID, firstName, lastName, birthday, joinDate, playerStatus, phoneNumber, teamName) values (22, 'Benedikta', 'Tubbs', '1997-04-09', '2021-04-06', 'doubtful', '765-413-9816', 'Team4');
insert into Players (playerID, firstName, lastName, birthday, joinDate, playerStatus, phoneNumber, teamName) values (23, 'Jacquelynn', 'Grimmert', '2001-03-22', '2022-04-27', 'injured', '700-578-2597', 'Team8');
insert into Players (playerID, firstName, lastName, birthday, joinDate, playerStatus, phoneNumber, teamName) values (24, 'Daron', 'Yushin', '1998-04-28', '2019-01-26', 'injured', '599-527-3173', 'Team9');
insert into Players (playerID, firstName, lastName, birthday, joinDate, playerStatus, phoneNumber, teamName) values (25, 'Lemmy', 'Lillyman', '2002-03-13', '2020-11-25', 'inactive', '236-549-2321', 'Team5');
insert into Players (playerID, firstName, lastName, birthday, joinDate, playerStatus, phoneNumber, teamName) values (26, 'Mervin', 'Bengtsen', '1997-11-29', '2022-10-21', 'retired', '627-746-4509', 'Team4');
insert into Players (playerID, firstName, lastName, birthday, joinDate, playerStatus, phoneNumber, teamName) values (27, 'Tallie', 'Tabbernor', '1998-07-15', '2015-09-26', 'injured', '830-335-0434', 'Team6');
insert into Players (playerID, firstName, lastName, birthday, joinDate, playerStatus, phoneNumber, teamName) values (28, 'Sharity', 'Duplock', '1998-05-10', '2015-09-24', 'injured', '599-240-3967', 'Team4');
insert into Players (playerID, firstName, lastName, birthday, joinDate, playerStatus, phoneNumber, teamName) values (29, 'Lyda', 'Greenhouse', '2000-06-03', '2020-10-22', 'retired', '547-806-6945', 'Team2');
insert into Players (playerID, firstName, lastName, birthday, joinDate, playerStatus, phoneNumber, teamName) values (30, 'Amelita', 'Benezet', '2004-02-12', '2016-08-04', 'inactive', '708-361-9147', 'Team9');
insert into Players (playerID, firstName, lastName, birthday, joinDate, playerStatus, phoneNumber, teamName) values (31, 'Tani', 'Twomey', '2001-07-29', '2022-11-04', 'doubtful', '823-830-1467', 'Team5');
insert into Players (playerID, firstName, lastName, birthday, joinDate, playerStatus, phoneNumber, teamName) values (32, 'Tamiko', 'Laughtisse', '2002-11-25', '2020-07-08', 'retired', '826-144-3887', 'Team6');
insert into Players (playerID, firstName, lastName, birthday, joinDate, playerStatus, phoneNumber, teamName) values (33, 'Sigismond', 'Sultana', '1995-12-13', '2021-08-27', 'inactive', '197-905-5268', 'Team12');
insert into Players (playerID, firstName, lastName, birthday, joinDate, playerStatus, phoneNumber, teamName) values (34, 'Lindsey', 'Tynnan', '2000-08-09', '2017-12-13', 'retired', '507-712-2753', 'Team1');
insert into Players (playerID, firstName, lastName, birthday, joinDate, playerStatus, phoneNumber, teamName) values (35, 'Reagen', 'Faireclough', '2000-10-17', '2019-01-01', 'inactive', '728-536-6493', 'Team7');
insert into Players (playerID, firstName, lastName, birthday, joinDate, playerStatus, phoneNumber, teamName) values (36, 'Derwin', 'Piper', '1996-11-14', '2021-08-09', 'retired', '222-544-2413', 'Team20');
insert into Players (playerID, firstName, lastName, birthday, joinDate, playerStatus, phoneNumber, teamName) values (37, 'Wood', 'Pala', '2001-09-18', '2017-06-27', 'active', '990-847-5196', 'Team6');
insert into Players (playerID, firstName, lastName, birthday, joinDate, playerStatus, phoneNumber, teamName) values (38, 'Roderigo', 'Klampk', '1997-06-02', '2021-01-23', 'retired', '321-750-2092', 'Team5');
insert into Players (playerID, firstName, lastName, birthday, joinDate, playerStatus, phoneNumber, teamName) values (39, 'Ad', 'Cancellor', '1996-04-02', '2015-01-22', 'inactive', '459-657-5970', 'Team7');
insert into Players (playerID, firstName, lastName, birthday, joinDate, playerStatus, phoneNumber, teamName) values (40, 'Raye', 'Franckton', '1997-12-24', '2017-05-03', 'inactive', '308-392-0107', 'Team14');
insert into Players (playerID, firstName, lastName, birthday, joinDate, playerStatus, phoneNumber, teamName) values (41, 'Rickert', 'Wardhough', '1995-05-03', '2018-05-14', 'active', '296-715-1253', 'Team5');
insert into Players (playerID, firstName, lastName, birthday, joinDate, playerStatus, phoneNumber, teamName) values (42, 'Roz', 'Stickels', '1998-07-02', '2020-01-30', 'inactive', '222-907-9983', 'Team14');
insert into Players (playerID, firstName, lastName, birthday, joinDate, playerStatus, phoneNumber, teamName) values (43, 'Orbadiah', 'Skipp', '1996-11-29', '2022-02-26', 'active', '696-563-7270', 'Team12');
insert into Players (playerID, firstName, lastName, birthday, joinDate, playerStatus, phoneNumber, teamName) values (44, 'Leslie', 'Ashleigh', '1997-07-20', '2021-09-24', 'retired', '229-225-3308', 'Team7');
insert into Players (playerID, firstName, lastName, birthday, joinDate, playerStatus, phoneNumber, teamName) values (45, 'Judon', 'Scarlett', '2003-07-17', '2018-02-28', 'retired', '395-520-0802', 'Team6');
insert into Players (playerID, firstName, lastName, birthday, joinDate, playerStatus, phoneNumber, teamName) values (46, 'Deedee', 'Skirrow', '2001-07-19', '2023-03-22', 'retired', '511-642-3816', 'Team9');
insert into Players (playerID, firstName, lastName, birthday, joinDate, playerStatus, phoneNumber, teamName) values (47, 'My', 'Barabisch', '1998-07-11', '2019-01-05', 'active', '610-849-0017', 'Team5');
insert into Players (playerID, firstName, lastName, birthday, joinDate, playerStatus, phoneNumber, teamName) values (48, 'Ethyl', 'Avo', '2004-10-07', '2020-08-12', 'active', '719-770-5300', 'Team14');
insert into Players (playerID, firstName, lastName, birthday, joinDate, playerStatus, phoneNumber, teamName) values (49, 'Abbott', 'Thoma', '2000-12-21', '2018-01-04', 'active', '246-167-8966', 'Team11');
insert into Players (playerID, firstName, lastName, birthday, joinDate, playerStatus, phoneNumber, teamName) values (50, 'Ailbert', 'Palumbo', '2001-12-07', '2015-04-22', 'doubtful', '604-874-4977', 'Team12');
-- spectator fave teams
INSERT INTO SpectatorFavPlayers(userName,playerID) VALUES ('ryanshook0',45);
INSERT INTO SpectatorFavPlayers(userName,playerID) VALUES ('mreiling3',3);
INSERT INTO SpectatorFavPlayers(userName,playerID) VALUES ('mreiling3',22);
INSERT INTO SpectatorFavPlayers(userName,playerID) VALUES ('pullhosterf',19);
INSERT INTO SpectatorFavPlayers(userName,playerID) VALUES ('duckwortha',9);
INSERT INTO SpectatorFavPlayers(userName,playerID) VALUES ('alandells7',41);
INSERT INTO SpectatorFavPlayers(userName,playerID) VALUES ('bvanya',27);
INSERT INTO SpectatorFavPlayers(userName,playerID) VALUES ('sonny123',44);
INSERT INTO SpectatorFavPlayers(userName,playerID) VALUES ('tarkcolly',37);
INSERT INTO SpectatorFavPlayers(userName,playerID) VALUES ('ryanshook0',29);
INSERT INTO SpectatorFavPlayers(userName,playerID) VALUES ('tarkcolly',17);
INSERT INTO SpectatorFavPlayers(userName,playerID) VALUES ('alandells7',26);
INSERT INTO SpectatorFavPlayers(userName,playerID) VALUES ('sonny123',25);
INSERT INTO SpectatorFavPlayers(userName,playerID) VALUES ('alandells7',16);
INSERT INTO SpectatorFavPlayers(userName,playerID) VALUES ('sonny123',42);
INSERT INTO SpectatorFavPlayers(userName,playerID) VALUES ('pullhosterf',33);
INSERT INTO SpectatorFavPlayers(userName,playerID) VALUES ('ryanshook0',18);
INSERT INTO SpectatorFavPlayers(userName,playerID) VALUES ('ryanshook0',11);
INSERT INTO SpectatorFavPlayers(userName,playerID) VALUES ('dsamples',40);
INSERT INTO SpectatorFavPlayers(userName,playerID) VALUES ('falksb',30);
-- spectator fave players
insert into SpectatorFavTeams (userName, teamName) values ('falksb', 'Team6');
insert into SpectatorFavTeams (userName, teamName) values ('falksb', 'Team4');
insert into SpectatorFavTeams (userName, teamName) values ('sonny123', 'Team10');
insert into SpectatorFavTeams (userName, teamName) values ('pullhosterf', 'Team2');
insert into SpectatorFavTeams (userName, teamName) values ('ryanshook0', 'Team4');
insert into SpectatorFavTeams (userName, teamName) values ('ryanshook0', 'Team6');
insert into SpectatorFavTeams (userName, teamName) values ('ryanshook0', 'Team8');
insert into SpectatorFavTeams (userName, teamName) values ('dsamples', 'Team4');
insert into SpectatorFavTeams (userName, teamName) values ('dsamples', 'Team1');
insert into SpectatorFavTeams (userName, teamName) values ('dsamples', 'Team6');
-- posts

insert into Posts (postID, userName, content, timePosted) values (1, 'pullhosterf', 'I can not wait to see how this turns out.', '2022-10-15 23:05:06');
insert into Posts (postID, userName, content, timePosted) values (2, 'ryanshook0', 'I can not wait to see how this turns out.', '2022-12-21 05:52:50');
insert into Posts (postID, userName, content, timePosted) values (3, 'ryanshook0', 'I can not wait to see how this turns out.', '2023-01-14 12:59:31');
insert into Posts (postID, userName, content, timePosted) values (4, 'mreiling3', 'I can wait to see how this turns out.', '2022-04-08 14:48:38');
insert into Posts (postID, userName, content, timePosted) values (5, 'ferneyhough', 'This is so crazy', '2022-01-18 19:06:27');
insert into Posts (postID, userName, content, timePosted) values (6, 'alandells7', 'This is so crazy', '2021-07-16 05:59:05');
insert into Posts (postID, userName, content, timePosted) values (7, 'dsamples', 'I can not wait to see how this turns out.', '2022-09-26 09:02:21');
insert into Posts (postID, userName, content, timePosted) values (8, 'willwell', 'random comment 2', '2021-12-22 14:57:24');
insert into Posts (postID, userName, content, timePosted) values (9, 'ryanshook0', 'This is so crazy', '2022-09-07 19:19:58');
insert into Posts (postID, userName, content, timePosted) values (10, 'tarkcolly', 'random comment 2', '2022-12-16 14:50:33');
-- comments
INSERT INTO Comments(commentID,postID,username,content,timePosted) VALUES (1,7,'bgerren5','What is going on?','2023-02-06 17:30:07');
INSERT INTO Comments(commentID,postID,username,content,timePosted) VALUES (2,6,'duckwortha','That is so controversial','2022-09-26 12:59:53');
INSERT INTO Comments(commentID,postID,username,content,timePosted) VALUES (3,3,'gclamp6','I agree!','2022-06-23 19:05:07');
INSERT INTO Comments(commentID,postID,username,content,timePosted) VALUES (4,1,'gclamp6','I agree!','2022-05-23 11:23:09');
INSERT INTO Comments(commentID,postID,username,content,timePosted) VALUES (5,5,'tarkcolly','What is going on?','2022-06-17 23:39:21');
INSERT INTO Comments(commentID,postID,username,content,timePosted) VALUES (6,9,'gclamp6','That is so controversial','2022-05-22 15:12:26');
INSERT INTO Comments(commentID,postID,username,content,timePosted) VALUES (7,8,'cagran','I agree!','2022-10-12 01:21:53');
INSERT INTO Comments(commentID,postID,username,content,timePosted) VALUES (8,10,'awestmancoat8','I agree!','2022-06-24 02:24:51');
INSERT INTO Comments(commentID,postID,username,content,timePosted) VALUES (9,4,'faulconer2','I agree!','2022-07-06 00:36:22');
INSERT INTO Comments(commentID,postID,username,content,timePosted) VALUES (10,2,'bgerren5','I agree!','2022-10-24 23:04:04');
INSERT INTO Comments(commentID,postID,username,content,timePosted) VALUES (11,3,'ferneyhough','I agree!','2022-07-25 17:09:59');
INSERT INTO Comments(commentID,postID,username,content,timePosted) VALUES (12,7,'duckwortha','What is going on?','2022-10-16 05:56:46');
INSERT INTO Comments(commentID,postID,username,content,timePosted) VALUES (13,10,'sonny123','What is going on?','2022-04-07 21:26:38');
INSERT INTO Comments(commentID,postID,username,content,timePosted) VALUES (14,8,'awestmancoat8','That is so controversial','2023-03-16 03:30:01');
INSERT INTO Comments(commentID,postID,username,content,timePosted) VALUES (15,9,'bgerren5','What is going on?','2022-06-17 18:25:46');
INSERT INTO Comments(commentID,postID,username,content,timePosted) VALUES (16,5,'cagran','I agree!','2022-04-30 01:29:28');
INSERT INTO Comments(commentID,postID,username,content,timePosted) VALUES (17,2,'tarkcolly','That is so controversial','2022-10-14 00:49:48');
INSERT INTO Comments(commentID,postID,username,content,timePosted) VALUES (18,4,'mrouke4','What is going on?','2023-01-15 22:55:22');
INSERT INTO Comments(commentID,postID,username,content,timePosted) VALUES (19,6,'bgerren5','That is so controversial','2023-02-27 20:56:14');
INSERT INTO Comments(commentID,postID,username,content,timePosted) VALUES (20,1,'awestmancoat8','I agree!','2023-01-08 21:22:29');

-- likes
insert into Likes (userName, postID) values ('spadn1', '9');
insert into Likes (userName, postID) values ('awestmancoat8', '10');
insert into Likes (userName, postID) values ('cagran', '5');
insert into Likes (userName, postID) values ('bvanya', '7');
insert into Likes (userName, postID) values ('bvanya', '8');
insert into Likes (userName, postID) values ('awestmancoat8', '4');
insert into Likes (userName, postID) values ('spadn1', '1');
insert into Likes (userName, postID) values ('duckwortha', '3');
insert into Likes (userName, postID) values ('cagran', '2');
insert into Likes (userName, postID) values ('awestmancoat8', '6');
insert into Likes (userName, postID) values ('ryanshook0', '2');
insert into Likes (userName, postID) values ('falksb', '4');
insert into Likes (userName, postID) values ('spadn1', '8');
insert into Likes (userName, postID) values ('falksb', '9');
insert into Likes (userName, postID) values ('tarkcolly', '1');
insert into Likes (userName, postID) values ('awestmancoat8', '3');
insert into Likes (userName, postID) values ('bvanya', '6');
insert into Likes (userName, postID) values ('falksb', '7');
insert into Likes (userName, postID) values ('mrouke4', '5');
insert into Likes (userName, postID) values ('duckwortha', '9');
insert into Likes (userName, postID) values ('mrouke4', '3');
insert into Likes (userName, postID) values ('falksb', '6');
insert into Likes (userName, postID) values ('willwell', '2');
insert into Likes (userName, postID) values ('duckwortha', '4');
insert into Likes (userName, postID) values ('willwell', '8');
insert into Likes (userName, postID) values ('tarkcolly', '10');
insert into Likes (userName, postID) values ('cagran', '1');
insert into Likes (userName, postID) values ('ryanshook0', '7');
-- games played
insert into GamesPlayed (gameId, player1ID, player2ID, team1, team2, player1Throw, player2Throw, tournamentID) values (1, 3, 41, 'Team8', 'Team9', 'Scissors', 'Scissors', 1);
insert into GamesPlayed (gameId, player1ID, player2ID, team1, team2, player1Throw, player2Throw, tournamentID) values (2, 7, 19, 'Team8', 'Team1', 'Rock', 'Scissors', 1);
insert into GamesPlayed (gameId, player1ID, player2ID, team1, team2, player1Throw, player2Throw, tournamentID) values (3, 42, 8, 'Team5', 'Team4', 'Paper', 'Scissors', 1);
insert into GamesPlayed (gameId, player1ID, player2ID, team1, team2, player1Throw, player2Throw, tournamentID) values (4, 4, 29, 'Team4', 'Team8', 'Rock', 'Paper', 1);
insert into GamesPlayed (gameId, player1ID, player2ID, team1, team2, player1Throw, player2Throw, tournamentID) values (5, 48, 3, 'Team10', 'Team8', 'Paper', 'Scissors', 2);
insert into GamesPlayed (gameId, player1ID, player2ID, team1, team2, player1Throw, player2Throw, tournamentID) values (6, 47, 5, 'Team2', 'Team2', 'Paper', 'Paper', 2);
insert into GamesPlayed (gameId, player1ID, player2ID, team1, team2, player1Throw, player2Throw, tournamentID) values (7, 37, 37, 'Team4', 'Team6', 'Paper', 'Rock', 3);
insert into GamesPlayed (gameId, player1ID, player2ID, team1, team2, player1Throw, player2Throw, tournamentID) values (8, 12, 17, 'Team1', 'Team4', 'Rock', 'Paper', 3);
insert into GamesPlayed (gameId, player1ID, player2ID, team1, team2, player1Throw, player2Throw, tournamentID) values (9, 46, 35, 'Team4', 'Team10', 'Rock', 'Rock', 4);
insert into GamesPlayed (gameId, player1ID, player2ID, team1, team2, player1Throw, player2Throw, tournamentID) values (10, 32, 44, 'Team7', 'Team2', 'Scissors', 'Rock', 5);
insert into GamesPlayed (gameId, player1ID, player2ID, team1, team2, player1Throw, player2Throw, tournamentID) values (11, 5, 12, 'Team10', 'Team6', 'Paper', 'Scissors', 5);
insert into GamesPlayed (gameId, player1ID, player2ID, team1, team2, player1Throw, player2Throw, tournamentID) values (12, 6, 1, 'Team9', 'Team7', 'Paper', 'Rock', 6);
insert into GamesPlayed (gameId, player1ID, player2ID, team1, team2, player1Throw, player2Throw, tournamentID) values (13, 36, 39, 'Team7', 'Team9', 'Scissors', 'Paper', 6);
insert into GamesPlayed (gameId, player1ID, player2ID, team1, team2, player1Throw, player2Throw, tournamentID) values (14, 8, 40, 'Team5', 'Team5', 'Scissors', 'Rock', 6);
insert into GamesPlayed (gameId, player1ID, player2ID, team1, team2, player1Throw, player2Throw, tournamentID) values (15, 35, 25, 'Team6', 'Team5', 'Rock', 'Paper', 6);
insert into GamesPlayed (gameId, player1ID, player2ID, team1, team2, player1Throw, player2Throw, tournamentID) values (16, 16, 50, 'Team9', 'Team4', 'Rock', 'Paper', 8);
insert into GamesPlayed (gameId, player1ID, player2ID, team1, team2, player1Throw, player2Throw, tournamentID) values (17, 19, 7, 'Team6', 'Team7', 'Scissors', 'Scissors', 6);
insert into GamesPlayed (gameId, player1ID, player2ID, team1, team2, player1Throw, player2Throw, tournamentID) values (18, 27, 38, 'Team6', 'Team6', 'Scissors', 'Paper', 15);
insert into GamesPlayed (gameId, player1ID, player2ID, team1, team2, player1Throw, player2Throw, tournamentID) values (19, 45, 36, 'Team4', 'Team7', 'Paper', 'Paper', 15);
insert into GamesPlayed (gameId, player1ID, player2ID, team1, team2, player1Throw, player2Throw, tournamentID) values (20, 50, 42, 'Team5', 'Team10', 'Rock', 'Rock', 15);
insert into GamesPlayed (gameId, player1ID, player2ID, team1, team2, player1Throw, player2Throw, tournamentID) values (21, 43, 43, 'Team1', 'Team2', 'Scissors', 'Scissors', 18);
insert into GamesPlayed (gameId, player1ID, player2ID, team1, team2, player1Throw, player2Throw, tournamentID) values (22, 30, 6, 'Team8', 'Team9', 'Rock', 'Scissors', 7);
insert into GamesPlayed (gameId, player1ID, player2ID, team1, team2, player1Throw, player2Throw, tournamentID) values (23, 9, 48, 'Team2', 'Team6', 'Rock', 'Rock', 3);
insert into GamesPlayed (gameId, player1ID, player2ID, team1, team2, player1Throw, player2Throw, tournamentID) values (24, 38, 4, 'Team10', 'Team4', 'Scissors', 'Paper', 24);
insert into GamesPlayed (gameId, player1ID, player2ID, team1, team2, player1Throw, player2Throw, tournamentID) values (25, 14, 18, 'Team2', 'Team4', 'Paper', 'Paper', 24);
insert into GamesPlayed (gameId, player1ID, player2ID, team1, team2, player1Throw, player2Throw, tournamentID) values (26, 31, 30, 'Team6', 'Team4', 'Scissors', 'Rock', 26);
insert into GamesPlayed (gameId, player1ID, player2ID, team1, team2, player1Throw, player2Throw, tournamentID) values (27, 24, 9, 'Team4', 'Team10', 'Rock', 'Scissors', 24);
insert into GamesPlayed (gameId, player1ID, player2ID, team1, team2, player1Throw, player2Throw, tournamentID) values (28, 2, 49, 'Team9', 'Team7', 'Scissors', 'Scissors', 35);
insert into GamesPlayed (gameId, player1ID, player2ID, team1, team2, player1Throw, player2Throw, tournamentID) values (29, 21, 23, 'Team5', 'Team5', 'Rock', 'Paper', 34);
insert into GamesPlayed (gameId, player1ID, player2ID, team1, team2, player1Throw, player2Throw, tournamentID) values (30, 1, 10, 'Team7', 'Team8', 'Rock', 'Paper', 4);
insert into GamesPlayed (gameId, player1ID, player2ID, team1, team2, player1Throw, player2Throw, tournamentID) values (31, 20, 14, 'Team5', 'Team9', 'Scissors', 'Rock', 30);
insert into GamesPlayed (gameId, player1ID, player2ID, team1, team2, player1Throw, player2Throw, tournamentID) values (32, 39, 2, 'Team5', 'Team1', 'Scissors', 'Rock', 30);
insert into GamesPlayed (gameId, player1ID, player2ID, team1, team2, player1Throw, player2Throw, tournamentID) values (33, 26, 27, 'Team7', 'Team5', 'Paper', 'Rock', 32);
insert into GamesPlayed (gameId, player1ID, player2ID, team1, team2, player1Throw, player2Throw, tournamentID) values (34, 17, 31, 'Team7', 'Team10', 'Scissors', 'Paper', 32);
insert into GamesPlayed (gameId, player1ID, player2ID, team1, team2, player1Throw, player2Throw, tournamentID) values (35, 28, 16, 'Team6', 'Team6', 'Rock', 'Scissors', 19);
insert into GamesPlayed (gameId, player1ID, player2ID, team1, team2, player1Throw, player2Throw, tournamentID) values (36, 18, 28, 'Team6', 'Team6', 'Scissors', 'Rock', 19);
insert into GamesPlayed (gameId, player1ID, player2ID, team1, team2, player1Throw, player2Throw, tournamentID) values (37, 41, 22, 'Team9', 'Team2', 'Scissors', 'Rock', 15);
insert into GamesPlayed (gameId, player1ID, player2ID, team1, team2, player1Throw, player2Throw, tournamentID) values (38, 2, 26, 'Team4', 'Team7', 'Rock', 'Scissors', 6);
insert into GamesPlayed (gameId, player1ID, player2ID, team1, team2, player1Throw, player2Throw, tournamentID) values (39, 11, 24, 'Team4', 'Team4', 'Paper', 'Scissors', 24);
insert into GamesPlayed (gameId, player1ID, player2ID, team1, team2, player1Throw, player2Throw, tournamentID) values (40, 34, 21, 'Team4', 'Team5', 'Paper', 'Paper', 24);
insert into GamesPlayed (gameId, player1ID, player2ID, team1, team2, player1Throw, player2Throw, tournamentID) values (41, 33, 20, 'Team12', 'Team4', 'Scissors', 'Paper', 26);
insert into GamesPlayed (gameId, player1ID, player2ID, team1, team2, player1Throw, player2Throw, tournamentID) values (42, 15, 47, 'Team9', 'Team5', 'Rock', 'Scissors', 26);
insert into GamesPlayed (gameId, player1ID, player2ID, team1, team2, player1Throw, player2Throw, tournamentID) values (43, 44, 46, 'Team5', 'Team10', 'Paper', 'Rock', 32);
insert into GamesPlayed (gameId, player1ID, player2ID, team1, team2, player1Throw, player2Throw, tournamentID) values (44, 13, 33, 'Team9', 'Team12', 'Rock', 'Scissors', 25);
insert into GamesPlayed (gameId, player1ID, player2ID, team1, team2, player1Throw, player2Throw, tournamentID) values (45, 10, 45, 'Team4', 'Team6', 'Scissors', 'Scissors', 24);
insert into GamesPlayed (gameId, player1ID, player2ID, team1, team2, player1Throw, player2Throw, tournamentID) values (46, 25, 34, 'Team6', 'Team9', 'Scissors', 'Rock', 32);
insert into GamesPlayed (gameId, player1ID, player2ID, team1, team2, player1Throw, player2Throw, tournamentID) values (47, 49, 15, 'Team7', 'Team2', 'Rock', 'Scissors', 23);
insert into GamesPlayed (gameId, player1ID, player2ID, team1, team2, player1Throw, player2Throw, tournamentID) values (48, 40, 32, 'Team8', 'Team7', 'Rock', 'Scissors', 23);
insert into GamesPlayed (gameId, player1ID, player2ID, team1, team2, player1Throw, player2Throw, tournamentID) values (49, 23, 11, 'Team7', 'Team2', 'Paper', 'Paper', 34);
insert into GamesPlayed (gameId, player1ID, player2ID, team1, team2, player1Throw, player2Throw, tournamentID) values (50, 22, 13, 'Team5', 'Team6', 'Paper', 'Rock', 21);
